Found Partner - OT: trucky, TID: 727928, SID: 2120



.t Zapdos
Shiny: Yes
OT: trucky
OTGender: Female
TID: 727928
SID: 2120
IVs: 31 HP / 31 Spe / 31 Def / 31 SpD / 31 Atk / 31 SpA
EVs: 4 HP / 252 Atk / 252 Spe
Jolly Nature
.Moves=$suggestAll
.Ribbons=$suggestAll
.MetDate=20220530


.t Articuno 
Shiny: Yes
OT: trucky
OTGender: Female
TID: 727928
SID: 2120
IVs: 31 HP / 31 Spe / 31 Def / 31 SpD / 31 Atk / 31 SpA
EVs: 4 HP / 252 Atk / 252 Spe
Jolly Nature
.Moves=$suggestAll
.Ribbons=$suggestAll
.MetDate=20220530


.t Moltres 
Shiny: Yes
OT: trucky
OTGender: Female
TID: 727928
SID: 2120
IVs: 31 HP / 31 Spe / 31 Def / 31 SpD / 31 Atk / 31 SpA
EVs: 4 HP / 252 Atk / 252 Spe
Jolly Nature
.Moves=$suggestAll
.Ribbons=$suggestAll
.MetDate=20220530


Mewtwo 
Shiny: Yes
OT: trucky
OTGender: Female
TID: 727928
SID: 2120
IVs: 31 HP / 31 Spe / 31 Def / 31 SpD / 31 Atk / 31 SpA
EVs: 4 HP / 252 Atk / 252 Spe
Jolly Nature
.Moves=$suggestAll
.Ribbons=$suggestAll
.MetDate=20220530


Mew 
Shiny: Yes
OT: trucky
OTGender: Female
TID: 727928
SID: 2120
IVs: 31 HP / 31 Spe / 31 Def / 31 SpD / 31 Atk / 31 SpA
EVs: 4 HP / 252 Atk / 252 Spe
Jolly Nature
.Moves=$suggestAll
.Ribbons=$suggestAll
.MetDate=20220530






